配置名称,模型描述,模型大小,加载时间(秒),平均延迟(毫秒),中位数延迟(毫秒),P95延迟(毫秒),处理速度(文本/秒),发现实体数,平均实体数,速度评分,实体评分,综合评分
sm_full,小型模型完整配置 (46MB),46MB,0.5058650970458984,3.2001453287461223,2.524137496948242,5.113840103149414,312.485808384152,116,1.7058823529411764,100,100,100.0
sm_ner_pos,小型模型NER+词性 (46MB),46MB,0.490405797958374,2.665866823757396,2.238035202026367,4.307270050048828,375.11251165598503,116,1.7058823529411764,100,100,100.0
sm_ner_only,小型模型仅NER (46MB),46MB,0.5787649154663086,3.110342166003059,2.4361610412597656,9.635210037231445,321.50803565289044,116,1.7058823529411764,100,100,100.0
md_full,中型模型完整配置 (74MB),74MB,0.8711371421813965,3.7426177193136776,3.225088119506836,6.641864776611328,267.1926643321136,128,1.8823529411764706,100,100,100.0
md_ner_pos,中型模型NER+词性 (74MB),74MB,0.8333098888397217,3.081072779262767,2.444028854370117,9.862899780273438,324.5622780255382,128,1.8823529411764706,100,100,100.0
md_ner_only,中型模型仅NER (74MB),74MB,0.746596097946167,3.406356362735524,2.7441978454589844,11.069297790527344,293.56881474284023,128,1.8823529411764706,100,100,100.0
trf_full,Transformer模型完整配置 (396MB),396MB,1.3280627727508545,27.061444871565875,25.52485466003418,43.421030044555664,36.95294189744926,141,2.073529411764706,100,100,100.0
trf_ner_pos,Transformer模型NER+词性 (396MB),396MB,1.0374491214752197,23.994014543645523,22.96900749206543,37.854909896850586,41.6770606761525,141,2.073529411764706,100,100,100.0
trf_ner_only,Transformer模型仅NER (396MB),396MB,1.0150580406188965,22.979322601767148,20.600080490112305,36.94796562194824,43.51738375103792,141,2.073529411764706,100,100,100.0
